,Presion,Temperatura,Peso,Flujo,H2,Hidrogeno,Metanol
0,"27,973288883043868","215,2349101822375","9163,80698828138","3,185660505384666","13055,744967975865","0,1050407812134047","30,2735846"
1,"54,39864292727086","291,0667612541934","5704,312226654566","1,0600377198064663","6328,989122740983","0,8876448588752452","1676,82754"
2,"107,93940366743928","247,2876049677156","2106,0093282045527","3,876407757206885","52618,095820178205","0,2454463362632584","56,3102745"
3,"12,979391752605355","223,3501571517024","7823,381526437042","2,1176222979067023","3368,7648346014607","0,7672578213084505","115,477265"
4,"107,5809195296746","291,0088283470424","7704,979801393345","4,045713883756936","61091,43257620912","0,3632465392404131","604,326305"
5,"27,78495018308396","214,9529839531888","6180,385610490926","3,2745794889404665","11154,61065770447","0,2798365515996736","21,9655772"
6,"89,11421678312784","194,68344050976404","9965,457572143485","3,61595690808739","16425,83768750756","0,609442330966757","196,110281"
7,"108,56236396208924","295,96960184206955","9376,954948083772","3,7781362775740224","4659,714274772817","0,787546343089577","1786,16188"
8,"92,76325426430172","219,8479953178697","2971,4511606554743","0,1329921514266325","4211,0334274535","0,2822729974870838","970,546538"
9,"94,17077983606524","223,93053638078413","1461,78749369623","1,0325897697906508","15578,930963568384","0,7408280103796016","122,914026"
10,"66,49715365439533","236,3282218859652","9965,085614439791","3,2287753184377728","50430,16854264707","0,7354609154648962","92,6819552"
11,"29,643102737842455","260,101967133948","9074,202823137935","0,1789636577555011","15910,144691840733","0,6548794320379142","565,661773"
12,"104,82410196789324","279,56843493370934","6518,347334252375","1,4610408005138673","48327,71079564171","0,8410425882550667","797,347215"
13,"14,5760037618584","293,33255793563404","5827,112288897563","4,428574429293328","24713,006619065287","0,9470030602034908","138,801571"
14,"110,35236603625688","269,5946974214139","4287,639718862368","0,7033173296086891","71695,01929221496","0,6757912151936935","283,552002"
15,"117,20382283493848","244,8881146676493","7438,911035037547","3,282989257119658","70721,53158649389","0,6851895916475684","191,20146"
16,"50,06674143781941","289,8654332891539","1356,1047328452742","3,1265945817761764","54448,97225467776","0,2333784841440344","49,3416347"
17,"13,612031503172858","232,66852398417316","2766,390000438037","4,121706288984652","6558,094404947489","0,5329424336051275","7,17985689"
18,"107,95315294419731","245,08991011266392","9992,459396246955","2,767497517729684","35979,21342993683","0,6993373470283674","812,10446"
19,"112,86850094188128","295,3631479087263","5444,699692352566","3,3661919151982502","42682,44010855905","0,6061040038314226","926,369508"
20,"13,017873753381568","289,0852664651526","6804,769743871161","2,1844317796998305","38905,08865574236","0,3997607699864332","21,7108543"
21,"106,60787413553034","294,06366895561183","7692,969595211708","3,1881463133687906","57139,955117691374","0,922219619166396","685,046963"
22,"91,63368626037992","212,09680033327015","7179,03697381277","2,687233254380427","34771,01408516473","0,3121562530505267","53,6878427"
23,"21,189356218823768","297,3409589579503","7572,09189753481","2,984974520198164","16108,043681089532","0,9423984032108216","1060,89164"
24,"87,13358931762934","231,0058499150728","798,7576283327135","3,1736918714751527","9348,532688140342","0,3248772946561185","198,670722"
25,"29,35804356453717","226,0985725090416","1557,217717134378","1,8949559123724755","6950,823964052447","0,4249889102169885","22,9978244"
26,"36,79555785008653","281,46698704763975","8908,992803814337","1,567824137446999","58650,26260751655","0,6018058554547652","170,836855"
27,"27,96302363590583","287,4821860586085","2513,035634453945","3,998728129078093","10079,905604187468","0,7868171831640823","848,941008"
28,"45,795419497425925","215,88225671812728","9198,876253603315","0,6785598227223514","10248,675353660785","0,1760380352659551","299,688762"
29,"99,14745476991445","234,59144757103363","8030,0204794797855","0,7992863578066474","24163,23359996085","0,320787197216022","698,549676"
30,"26,76675135084133","289,515700603877","1500,8754258394329","0,7424692120885364","4194,636769655112","0,7962235443126136","1256,76569"
31,"58,84626212493576","260,09770204519384","7123,074256395118","2,0596314955362645","22369,79641670416","0,1947931099995039","737,638451"
32,"118,92318663122316","196,3889195936543","8153,6425020423585","2,513292656817574","14731,727014554148","0,4672302059588299","424,484999"
33,"110,03633745360536","299,2633074692141","2268,2435456639173","4,004143629541477","26717,79019878031","0,967650309229351","1293,84863"
34,"26,022988911311565","250,61769598765565","9800,687038182064","0,6455546357144443","31842,701252930787","0,9070686269364336","48,1418283"
35,"49,59749497930173","281,0676827769485","2529,4500722362254","0,7337133293014836","42775,09779345166","0,1389516862985373","127,038774"
36,"94,06017836078858","247,3820062429158","2162,333706858451","1,6007910955041809","29360,118340033983","0,1288138535731856","189,746843"
37,"44,62993596586988","297,42727009556074","2017,8089517728315","4,291794004953377","69058,37850928902","0,7719072039931493","65,9891267"
38,"14,124830966322952","254,1622645763645","3064,3235244351927","0,358077820068168","3286,8971801099788","0,7163764005267189","253,01489"
39,"67,69105212820888","281,6102863253996","2389,23263855442","1,9793151301720728","64555,615561760846","0,5082816057978787","112,031531"
40,"32,81699555660915","254,1479392194862","4075,137169567406","3,985207011265892","13262,283721507803","0,1572712008244031","256,580731"
41,"92,9800969301283","276,8575991763707","6616,707431480681","0,8592606368404107","66927,37934401278","0,1904332730250452","330,588981"
42,"46,68400063537324","291,3886053204991","1684,706290635913","0,4919133517557543","55157,26956442277","0,1426485809589147","56,9312905"
43,"50,50650762780798","275,9109198454835","7568,5478415678335","1,922196904382642","33944,30610357365","0,5876597073479479","656,77938"
44,"29,00592305686294","191,37147063498","8124,606976152036","3,6261809777376928","5073,97497097706","0,3297132963441578","51,1678328"
45,"94,6816275902332","255,98794763612463","1508,91165922014","1,2682475317121882","35462,76674508561","0,6174019922486358","152,607169"
46,"49,6259319669429","261,11600909135603","8693,096942702708","2,418853333737036","56989,45210233157","0,250398319526801","101,363016"
47,"81,86049233329985","287,2234003861856","8679,846636765924","0,2035570579587095","46450,82942039511","0,9513789719476304","841,108731"
48,"72,84296683433115","266,2492174288606","6339,843501548434","3,5240755125849903","7075,614772327452","0,436596976181941","1725,56551"
49,"85,66325147433996","270,0960139285367","8253,254794964114","1,7316061346858378","72101,40175107568","0,8729517721994389","349,888736"
50,"77,83334512301269","220,1180971461014","7296,607119136932","4,215469967798886","11508,88729493272","0,6280582556479448","780,49686"
51,"53,44540240055492","241,3600570445602","7608,820515819005","0,5937980746800431","25810,98697158169","0,2080034093915674","226,391026"
52,"28,32179502613093","227,50793244037183","3789,534648451017","1,7936499269200183","7974,99310939645","0,3918129527422122","81,8905648"
53,"112,06780263231072","242,4764017462752","4841,400099826537","3,155839315709626","49241,824437344","0,7900252798412042","235,737762"
54,"86,00032394249452","192,7478511348917","6272,866223327396","4,037333879880411","11757,82416805562","0,8964425826997747","180,859627"
55,"56,84023238663392","238,8687770613996","3220,438592842432","4,231837200540999","27158,94808366493","0,175373523246793","51,6559736"
56,"57,53397009514016","277,0344403165389","8692,111688295574","3,4551420683608294","28701,669426237346","0,9145381451359126","1111,94138"
57,"52,7012388482132","231,9613209715822","7237,025018818355","2,4218655923493704","8118,375371572098","0,2799587909704033","864,129688"
58,"56,41378650335358","250,4426679978129","5559,199756478796","2,4347387339321496","52519,99225799043","0,7377931593693854","54,3632615"
59,"87,96801583959451","276,03421416905184","6322,926671414612","1,122002726643394","15700,12411099415","0,9341373889778998","1508,83286"
60,"79,34819579519323","251,3114095403335","1051,1978225920311","2,1485526801179047","34184,09916865012","0,5617480866262816","34,3923761"
61,"24,63598568215437","295,2436162560058","7558,296921515162","1,3357775334531226","50197,36285204847","0,148538371977639","124,981884"
62,"112,9978981935696","217,88871086954416","6109,44011799248","2,407230815079921","20707,156693733865","0,6954498727644474","510,120125"
63,"86,05420251606579","272,1091701635424","4403,471864292937","1,9123858118008048","26907,87038973533","0,1375537593868644","877,473225"
64,"90,7560281328559","286,47717519438675","3818,0154045912086","0,3270823708447647","45222,36692932141","0,6433764312848399","730,485681"
65,"100,46346608432738","259,85662656638726","1785,6351591461146","3,0904574522729185","10785,341440603965","0,7723438225168135","1468,10253"
66,"59,06704920367463","195,01879154129725","8574,656506247013","2,2599896218141917","16080,13676770092","0,6747994143808173","37,8483286"
67,"71,11838211440924","283,29066446539684","7848,2422705452655","0,3682737190462483","37804,44083566247","0,720491554616562","951,209891"
68,"112,38008484612196","203,033335869536","6800,621504706712","3,609045281049162","20036,57509846364","0,931631616096042","272,488395"
69,"63,71792441519269","231,2535386133881","9367,14870587041","3,7824289316386017","30540,347551859308","0,4560781717496245","184,945274"
70,"55,372461322554535","291,8983891562282","4148,003829630704","3,623925196497995","56672,898769905376","0,6282370671351563","310,497877"
71,"106,50030863567314","240,30805414710173","7476,198700520184","2,933731089907237","38591,18702880348","0,8336554993162216","529,090719"
72,"115,62666245826205","287,0761209507993","1481,4810435566874","1,4555998327890645","57469,323748140814","0,480671218959168","338,572912"
73,"52,63425812479483","252,69177833057128","2372,441259819496","1,1009529382796832","4850,155938056381","0,7312463188622544","1299,57292"
74,"119,65197914844828","271,0944690692271","2043,7914150218023","3,280129212870363","4514,893841118682","0,857262655471245","1785,85121"
75,"90,59636118977244","252,8395508151291","9743,550926916374","0,9895929080690266","48418,8078150618","0,2416769712415992","392,487351"
76,"103,73799703308045","263,2328172842041","9573,384528972478","3,410516450592379","24742,954841298106","0,7369752216593242","1324,94652"
77,"31,07751875049831","266,69753267195085","4350,758652771796","3,5514069860679287","20753,8708850904","0,1968986952756495","193,920459"
78,"108,11137759260686","238,87091462320788","7541,26028739839","3,770919626658323","50706,16219803604","0,2552273753790037","211,95746"
79,"66,09650743292852","233,5486557092565","6036,914089429035","0,9326934922303832","8633,208339677405","0,8171742475186446","1173,20284"
80,"92,15445806558851","255,70617634812467","3571,1519837151423","4,394438773934959","16559,401541994168","0,6223606192361723","1200,22456"
81,"115,48949794989944","239,77773265234865","589,601281225223","0,7967384214167983","5750,09246246944","0,4074168939458109","789,284646"
82,"112,57033000771476","218,21039282655903","4046,338215844711","0,7623474673611083","15166,040115595508","0,303403332923485","499,469823"
83,"68,93060908098649","275,4520199866721","819,9417630044868","1,2543877086388833","35945,93064400351","0,3390636742993907","76,2417375"
84,"75,44836719282256","259,736294958547","3768,4551360183823","3,323617058733196","31836,640317949837","0,1547123669519708","354,200723"
85,"10,42151437663466","248,7766566386278","3431,04805978505","2,1777262699938125","3730,91375217192","0,6409765180135503","77,5919359"
86,"89,12920441059302","262,1783611086016","4012,456382004159","1,1674001759865604","44174,03030617323","0,2347571430014344","306,320507"
87,"111,71643159819568","284,8134815430668","8102,889404319749","1,6596761797965212","37481,98996167575","0,920701705293759","1032,85175"
88,"76,77651487502196","240,43053175559768","9904,52853502974","4,303704127545047","45400,57046390657","0,9144831262127894","263,889527"
89,"84,1355275575001","197,55339101969733","9797,15549952116","0,4928560698929991","27542,27396293129","0,6434589532959247","41,9345884"
90,"101,12400503804666","258,8300044733778","2201,999726361643","2,432491292920808","14170,45969976574","0,5423737316341409","1232,23604"
91,"35,94975459427029","223,75530279578015","195,38724088852496","4,468522548724202","2897,112356042764","0,9120908964028404","8,65512706"
92,"107,04595384780148","298,8154967039574","6333,21626171955","3,693527484357309","26637,904561023624","0,6824273244807495","1300,43152"
93,"112,07466971316404","270,13713148260706","6529,601993338181","4,491858307303285","62698,08533558895","0,5790541916299533","477,699627"
94,"44,32205863771586","282,4650474731043","3643,280061335452","3,500293538567187","58875,2675952764","0,1433669289842363","71,7821256"
95,"99,2620970893933","284,32649411925263","2523,5150743486897","0,5475050714816434","32321,594828049827","0,3135139874702884","862,013968"
96,"110,25627979887662","280,7064652813941","3720,188365705366","1,7052424519009917","35476,222619921675","0,9113703943127424","1044,28433"
97,"102,01181740244866","291,77519768342376","1889,2400004654576","1,1484343955641585","64255,074603731366","0,715289861366287","350,460266"
98,"63,73407086304079","268,9046224353767","4357,596048959662","2,708990565325758","43100,38977144475","0,4754851415589978","274,574865"
99,"48,52947209980836","270,7810715640958","6769,269589342415","0,2243516698804381","60247,1179260336","0,2733055375963011","106,582754"
100,"118,51759798900788","261,72309520561066","483,8131706013908","1,367443624089144","19032,51145539852","0,9544066986515124","386,975563"
101,"25,29276738560961","260,56891189611133","5764,741166051788","3,288608868709821","31176,318093925784","0,8387125445275824","39,624922"
102,"75,61320021445144","278,59287890028384","2155,5583011837207","0,7538203801902597","48417,222308165634","0,1558314848847961","187,910461"
103,"89,6733458219653","229,23392270663555","1141,2297084539796","3,041909065787111","3118,111431138824","0,3579241048498824","1037,38341"
104,"35,70894226233362","242,42229942030852","1620,2804375495646","1,99507014204894","14173,035588880106","0,1511090364174199","26,2354921"
105,"102,10059127828312","202,4650221644488","2894,775900544972","1,907842247264561","11755,517273747677","0,5889168190514606","179,365992"
106,"117,59775602717644","215,9646031814016","7697,906673435242","2,1400728100813096","34285,23368006254","0,7352507915991151","223,659958"
107,"104,20699920951904","193,03405240704612","9746,195283629731","1,728082806424862","23377,67268001109","0,5359322897819071","98,602555"
108,"104,26767144704203","237,7263540422815","4181,05354330147","3,1089459109218187","57055,191551337375","0,5632831600671404","66,3152117"
109,"57,67311863921793","238,6288983317137","4365,430015258817","2,217182223685872","21854,82686197972","0,8531263321241936","199,513129"
110,"31,509636431317094","262,44036633707424","3029,4550003161294","0,3679478531110405","23502,08812107657","0,587666125406428","69,7605931"
111,"118,7609784526433","209,0417321288596","8225,84480963867","0,7490366702270927","29568,61846688648","0,6576680297852632","221,219475"
112,"70,03311232172344","279,9508897246709","5900,777215661076","3,963420594823668","27453,92016596204","0,319761433275964","1023,45336"
113,"37,20948606617069","235,0721999195872","8783,021584947537","2,8322070710741016","7856,812354465541","0,6884474047096704","756,637376"
114,"63,30790269980339","296,6141510536921","1234,2495634448155","1,025733959346725","32978,5532144286","0,2810732556961699","386,319745"
115,"113,51111545126209","234,6174610118132","6716,76910349279","1,8491070151416336","23979,81718804021","0,5632819142989473","829,775731"
116,"55,22867360414429","239,79819448028425","5997,342686815858","0,5889425225518236","36208,36985475598","0,2630383118494397","63,9125723"
117,"74,50610602323064","238,00687389209665","9203,32069475121","2,764133247102402","10240,04754827538","0,2358515120487155","1323,52802"
118,"39,52147635238795","290,74139672585665","1715,142651362093","1,7591976941405223","54946,694205188986","0,498336714991592","38,6358187"
119,"25,074017785703603","251,9533874950907","5869,767310987674","2,3392001223884327","4332,430662405939","0,6939078138714229","946,633889"
120,"100,2719366762726","260,2090020222937","3091,643225467952","3,2320662449035016","39927,61848229509","0,7608219248269558","438,202388"
121,"88,58851300965662","277,2187178227426","8612,782767886738","1,8442610160801371","41517,99801736206","0,1026576858096531","729,378504"
122,"53,54796439376949","194,69753954245505","1890,247521713628","0,2422533897278472","7350,047788948724","0,4771298803510801","13,3067896"
123,"60,66310043832026","254,34873186507335","6686,767804395639","0,4137376758484005","12137,506807790469","0,8435996180159281","1371,71939"
124,"53,102284902555375","287,6933538442244","1861,543728342122","1,8425096433272885","61965,57840862267","0,61551733301876","67,5971542"
125,"43,98991980886972","267,0949991521585","9133,683340044345","1,8853781614603529","61483,32773568235","0,2710727146304676","93,0308193"
126,"100,86840533487654","265,17219557576743","6471,729563850694","3,34633249237017","59382,07720652809","0,420818354609795","379,566443"
127,"17,43165132235312","294,0528874090772","8118,368535588356","4,154875420740943","5657,31349554427","0,571276314752185","1573,94757"
128,"45,033484944446826","212,2930012998357","8617,273019018467","2,977076389616414","5818,122197052888","0,7999494643695217","588,707614"
129,"108,9643121445414","269,7218463411489","9284,194588307131","2,169960801954103","67331,32478343122","0,1575807554255345","381,496947"
130,"59,43818241705154","274,8956802929836","5075,004747770156","4,201515182857946","29285,955869683457","0,1039573323928301","596,18065"
131,"99,95058582971107","285,5029712068707","1821,9052070701389","0,509187106159156","70932,45883014404","0,6472648623402294","202,889127"
132,"68,80403090478796","289,0460487512888","9355,026406263343","0,6976088377890776","55353,46535542724","0,4994563556655511","607,918513"
133,"91,30137918570884","279,0484471466372","9433,145774632494","2,883918336680631","38360,94097745518","0,5343115327156116","983,310371"
134,"60,1008149865406","229,2331428370724","2569,1023513139044","2,413493016115991","12323,550135188669","0,7468883182666617","200,471479"
135,"58,30681813315354","296,4295923899942","3992,609509462492","2,082539363532393","61591,01040360944","0,2552048284401944","264,673829"
136,"81,82518828889594","282,5451466441233","5937,306285318731","3,39328805622335","49934,65786254934","0,468083181589823","607,758176"
137,"70,86104981128713","203,46048182937096","5208,814142122712","3,5165978966030007","8392,679249743655","0,2546749992223662","302,973405"
138,"85,55800714291479","212,11302262043571","4152,78099029274","0,6838074996357106","15147,937617081428","0,6177445324071164","206,379581"
139,"72,20854300186647","278,1395906767368","395,8935213318785","1,887103759880872","9170,755479314346","0,3091420279993814","619,469087"
140,"47,50086932485514","250,61331054525908","5383,678109533876","3,474867683127336","13753,951011194917","0,5540628648585817","676,366968"
141,"87,0408232225347","236,79219209110352","4944,691381807184","2,441445591789788","17290,58248698362","0,9527772360807216","850,05275"
142,"33,757858717233475","229,77594053715225","6220,947527159184","1,2269943595250037","3124,274312303082","0,6341575051410325","950,724345"
143,"11,41329006386358","247,30112293429363","4164,985864781316","2,943663370625426","6351,231266734409","0,5594360905569327","36,332818"
144,"52,789277410337874","224,396320005787","8278,274896432036","0,4867665734360171","11014,16387267945","0,4158565603054343","528,98321"
145,"21,12920569912135","296,0262154166068","751,9897958139569","4,433229189439974","25585,521640505165","0,5087120104315292","13,7819216"
146,"98,183022225951","296,7011402183936","6975,816075098601","3,246704167594984","65398,28088845022","0,7780275840836877","576,724578"
147,"56,17417861248629","220,0320324982181","9127,626310655696","0,202489305576703","17689,04199432188","0,8432248401546945","252,532755"
148,"113,88891094908982","209,15423272657165","7551,479663206531","1,882677986532883","10348,161065595064","0,637851816230919","1040,72303"
149,"24,91897632288964","280,65920629858283","7733,07576453892","3,611847806700752","31341,81868625092","0,5636399197458087","227,360236"
150,"116,10746073772576","260,6693394077079","1495,4363502049714","0,3047264537959817","27307,156855841586","0,6765981230334868","573,153221"
151,"92,14892448616024","267,3709966765228","98,58556849594684","1,321512236368387","12937,455088890812","0,4927267886470274","52,1845799"
152,"113,51064101598956","276,89886859581514","8543,071892928996","1,5200037570977238","21793,783239628643","0,7360065452492435","1424,98795"
153,"78,96981070748656","284,71291105655547","1746,4385803421687","0,3047908662302139","11440,482029725845","0,5891861707864108","1440,78992"
154,"44,33856357729505","289,93838383016686","1341,757017810149","1,665411140980082","57208,13504737136","0,8390074508387382","34,860776"
155,"105,97928030324516","241,8904330830645","9263,552067426066","1,3553064524502711","26778,23002372957","0,70495521466141","1023,69233"
156,"17,876348456042486","299,31938681155066","8385,292762278897","4,052963178100752","21044,586316643603","0,4162709452882432","561,122721"
157,"80,98001802386617","261,12193845414515","8642,249094062878","1,308116034770641","6815,973364302034","0,5581506317597388","1698,77086"
158,"65,1534889686015","279,9916258403679","6759,526615420266","0,888376742235562","21891,492714620807","0,6405912313149543","1321,20745"
159,"114,16673379246298","242,0497069565837","7037,015661827819","4,073624801573027","41307,90834440423","0,3653213380314353","425,250421"
160,"52,755791847753166","291,8698367500796","2680,6429362611075","1,8305325628650888","52754,57231757158","0,1012841852986067","160,294819"
161,"96,62884985497207","284,4739016266265","6479,498440321167","0,5532148353738042","43430,57289670111","0,4657723961903058","853,38408"
162,"88,59225960056976","209,72660392795424","5790,248154006868","0,6333292665043128","7925,56514685075","0,4846797681643879","781,541257"
163,"102,69998618681656","269,699650016316","6405,726243787418","3,921339578690151","46993,72934232016","0,1863261172307966","568,593615"
164,"117,48813572197162","270,8277987153506","9800,814290152608","3,1825939972097146","31181,20912737719","0,873318072954793","1173,35396"
165,"111,45684196332807","299,31314357391506","1170,5479579304497","2,268408076245255","69218,62589726497","0,8148356121612612","310,260379"
166,"75,63926517583356","287,8700863066168","4267,444439040223","0,8975535937429425","60228,65824197112","0,6849337714858704","414,620073"
167,"39,81589086524434","260,85543708958767","2201,568238730341","2,668025889668789","4767,743475455666","0,9417611620164787","1164,62889"
168,"76,87517339355416","262,0676359869515","7475,344620958634","0,8490152307934581","21560,38899526461","0,7449187305605529","1280,2641"
169,"78,20751872440349","266,8275271698747","620,9718584778853","0,3813016102635388","11160,022926381727","0,2660171395025346","535,720672"
170,"55,600858307374125","211,64863098190116","7433,018257829025","0,3037973630600953","2554,1346027899176","0,7990308530121736","1155,59724"
171,"32,334540085649266","242,71917998769084","8644,888031686996","2,735422630056004","10077,941835057298","0,5897601422754258","571,673492"
172,"76,37415734580405","281,0716940055871","8585,252550649886","2,5561450069898672","65152,82398686345","0,2564707572245658","373,764276"
173,"91,72157407759975","290,01773330937715","7425,03792839592","0,6391489375564637","59816,66847149745","0,5360217197948273","606,432226"
174,"72,6785128308911","281,541683333302","5880,887980219795","4,115183101108108","21298,146081051145","0,2949620624643896","1293,57726"
175,"55,738897126317895","210,635834572642","8559,938775676268","3,556581005448596","21886,59130410882","0,4803384224648187","49,7803472"
176,"79,42645741807956","225,20705149205605","4995,493362397439","2,738823183943981","23554,808165930503","0,950189976160707","209,116442"
177,"42,50292323014427","243,7656001261913","4483,290505866379","1,2841229431055006","22278,963206554363","0,9454122546859272","112,121176"
178,"76,4503444478076","196,2209430999321","2645,5622382471333","0,1128290473633097","12721,917892671716","0,8720788641201122","23,4896423"
179,"34,77212352067713","283,6005118031824","8831,797011542363","4,41634089175203","71331,87586492402","0,6355850487666656","100,78843"
180,"95,02930308111348","280,1179341190964","7657,08451197953","2,3437106038059023","17955,13724736216","0,9541923820424948","1516,94089"
181,"36,87450381301797","297,82677421942003","883,9643550894449","3,870887281492854","39575,97023170291","0,2221913525253602","40,2848768"
182,"87,9397338214241","271,5670887775717","1546,510710448135","2,9036692951938043","22868,22740915997","0,6804689339470955","736,891421"
183,"107,91388279191976","267,9277203783013","8106,638679996594","4,457919583943651","19447,75949124129","0,6794028486968018","1486,27723"
184,"24,712514420343567","263,6287483026073","4195,727312084917","3,48037151462762","17158,125939853053","0,7622586938933325","141,286804"
185,"33,941532417908945","227,2494898204168","9632,274863452532","3,768527606067541","21674,55624451823","0,4006743435205612","45,7739684"
186,"51,68077608702329","202,52671124780235","8191,517194725984","3,561308730874908","16855,943921793616","0,7990314928079995","38,2506517"
187,"55,60804996683096","297,8923379251179","4195,709319331678","1,4787938052829817","5778,012820111719","0,5567704101706986","1734,07344"
188,"87,07870207561783","264,3276609345013","7581,343893510564","2,551147652484278","13414,883762012892","0,322840245988355","1572,3583"
189,"43,50093223524262","258,00138615459275","8630,925909692956","3,2206532548488647","25809,659735369416","0,9341250559009422","521,80651"
190,"72,9368050917906","291,61141587419746","2757,727974844777","3,7315245212226857","19787,96781671284","0,8113424071353381","1411,84208"
191,"116,36268993206852","215,6530507702858","4842,825072413545","0,7702790190168588","29087,825785622503","0,6887592176817957","160,866045"
192,"47,63639938922958","193,0680358685928","9151,7071424384","1,8569450842067623","7593,584463572787","0,2482007698629218","136,965312"
193,"105,17774875564966","244,52600683675573","8604,176556164226","4,208975140172094","43556,71929902264","0,163469681292206","387,599141"
194,"76,59465100114103","270,8095365670983","306,4233335053265","1,6342830352689102","8722,550929311183","0,39017248611041","437,311388"
195,"91,04732503199132","299,0049033150341","2120,60239780498","1,170059778966426","17687,10030283848","0,432492067036024","1465,61436"
196,"58,47624876043217","287,6959043973368","8738,349171935693","0,7805614134917823","57886,481764921","0,4311816574703715","448,099443"
197,"59,54009160830371","289,5283256887124","6046,211882417439","3,3254210218358145","3913,091736417994","0,5772072630320858","1797,36466"
198,"70,25103425241568","220,09460372383305","8639,493625326355","1,727279254255345","20805,5489813014","0,4850202599646442","266,367081"
199,"65,4816280003551","244,64107965881684","2308,2615156795136","0,5453584822254548","19720,388889952268","0,5172932840153743","196,337002"
200,"112,67347443141634","299,5083167018739","1856,7393749334967","2,272486302530785","50912,064119325936","0,9387183117707404","721,470483"
201,"102,9652508198501","274,3351387535389","7162,42288943718","2,6998748350474515","63168,85742067288","0,2561203886403733","421,150271"
202,"73,72194809654746","243,74811973225445","5502,846760558705","4,3679246437795705","41552,37690499267","0,1179331193733359","114,664375"
203,"73,88946633321548","237,4381364476704","3145,8165254483115","1,3688102017318946","30917,7648456486","0,7447718451279277","87,7213976"
204,"100,63595557776368","195,535545570512","5821,932524169879","0,8309310370571484","17911,51481938298","0,9473956708604492","108,595267"
205,"77,98835823602224","294,83605230003946","9643,334833952098","4,405746262361503","20088,973681558586","0,1205206857137975","1453,68727"
206,"100,4434077043086","273,5109058071513","8002,836453693952","3,8568681591072527","26769,11849019099","0,934222564344802","1280,78949"
207,"101,80617111274408","268,83332898907685","7294,073359684393","3,957095415231405","49830,49425257952","0,9470600511689412","722,175296"
208,"56,69260490635975","299,04779820572514","8039,285036548459","0,5062644593588679","14342,797469693362","0,9353715519708342","1526,97735"
209,"110,95601210075728","216,170689611838","7957,130425095278","1,7408136144144972","10045,671719200584","0,1628262253767844","1105,21261"
210,"69,8380931502083","268,9846756085445","7616,682975075169","2,0859244184018606","25521,28746825715","0,685061424469061","1148,01362"
211,"45,35993668768038","277,1352666724227","9037,90073482756","0,4333879351876873","41788,4857660464","0,871670608156523","523,22521"
212,"94,6974147893191","251,53727024574715","9290,161545847734","2,5379677712407727","7414,55419558056","0,5895212662407989","1716,67254"
213,"96,2946721321919","249,41504800910064","7469,190149221683","2,7123593916904154","12732,667916056043","0,7371598522118178","1591,10592"
214,"35,569221593309344","229,9995159922284","497,7297607517891","4,475833452047905","5719,600584394962","0,1265081978926446","12,7147735"
215,"103,11153044606988","294,8916415546613","6469,921911495873","0,1975279876125962","8861,618084815675","0,9397814969725836","1492,05901"
216,"51,71522295372756","265,27886368018005","2241,734407127856","0,5423430731890221","12678,764994535206","0,9374499902347468","790,406555"
217,"38,14610379942613","279,10448899839304","8043,343102664053","3,27934022639606","23592,352070187444","0,4481111810652309","808,238153"
218,"31,91064471920049","246,7631188736792","8772,904957737312","1,6905052379973449","18787,60585586758","0,6700959531690859","233,659004"
219,"71,4185794953018","242,20269284142344","6101,276605097178","2,56892721866233","4467,1035459216255","0,6271822612266109","1722,24587"
220,"114,41731894811704","251,8729876466004","6058,578191834257","4,154946203057509","7007,64520106998","0,9573343345560702","1725,10444"
221,"66,5921966147508","282,1213009627694","9040,387983123175","1,691800971775945","16983,36977815137","0,645884998752893","1519,86682"
222,"93,08378059841826","281,015587307473","8100,523145831017","3,862808773137973","16222,656968331758","0,3248702054828711","1561,57984"
223,"50,14584827912281","287,3757603942171","9912,955618562408","0,8908373023162421","46562,36153234526","0,9182635121210156","700,210352"
224,"67,51253831420155","294,026808222374","1891,477999247269","2,603644413995013","56729,92310626512","0,4306921986988106","206,881803"
225,"58,08917951321691","255,31790876322785","1032,6970486977907","1,5030724809250755","4217,527427152716","0,6489002199351028","1021,1756"
226,"45,81145277647917","280,30433088031737","5482,245031185261","3,292533115546369","39261,7086515821","0,6021584376700202","381,145802"
227,"114,72692555950832","198,40791961714535","8275,669621622545","2,7886587374537863","32493,725043239207","0,4546111564199677","57,2664285"
228,"118,0635855492624","268,83812602126784","570,1825392397724","1,7040624398055149","16747,159522487298","0,502633638047286","678,777251"
229,"80,89811609038782","211,22535035326248","8176,170342324805","1,4549617249827522","25995,160369736783","0,4287154067817875","105,649882"
230,"50,11909758960932","246,6460073345198","4585,433059846196","3,0958494970667862","35091,92238751106","0,1553572877809868","53,7210326"
231,"64,41270847200104","218,45718611900213","6639,810721703367","1,5011868144881988","4637,754598859203","0,7609115120072343","1233,96376"
232,"55,53828664788369","286,6790046554065","550,5230222626877","3,774985060470067","32597,850631027133","0,1582283617354573","54,9627275"
233,"52,3107949545788","288,94669848993965","4686,68398344727","2,058700552286245","55482,83162148867","0,1727089685945819","229,548314"
234,"47,32966058316122","257,38491646252265","6970,438961650103","2,850266108845223","5611,579410971126","0,7021244692710151","1672,21836"
235,"89,30015457283275","223,7914656167393","5441,217403130608","4,201038156935159","8519,933169700584","0,9164188741678008","1232,68046"
236,"82,07796263335524","296,4652352612235","9572,060707964818","1,7325368367162437","34181,55970886875","0,7526842845915235","1105,89072"
237,"57,89054243004412","289,36272795131595","4634,57291567468","3,9803733958170064","45563,99151179158","0,4669774457942993","480,185512"
238,"72,22895042611583","241,6334728741946","2875,3910482760434","1,376242369084926","6477,532253950903","0,1096730728943256","1071,25168"
239,"113,32425328684222","249,99764916814968","9721,508032704613","0,3997150231759193","49540,05391453401","0,3177409774192965","486,38665"
240,"115,82748507863276","229,268157917396","6216,983048142321","2,209732521649128","3136,412242673139","0,6057120278385626","1793,02831"
241,"99,96198820321608","255,3904796932569","9958,69924259126","0,932842930536218","23556,153380644664","0,9689719821110097","1328,86106"
242,"51,05861836659234","278,8572265517547","3868,35959688712","1,519643890242203","6722,401365725533","0,8216634673914647","1684,87332"
243,"56,98104495874175","278,90526440247424","8631,03767840845","4,090143502583988","45998,05160873948","0,4095237465588477","512,009098"
244,"24,017204183830064","245,58743376652515","8913,744271611911","3,1519466807550502","22836,66038663872","0,7325544858237591","51,5339334"
245,"96,4801255062783","297,31982559402536","4779,497761099176","4,479653130472712","17948,062991420647","0,1766794071580331","1523,40356"
246,"108,1650837550134","273,58667900589774","6748,581961554962","3,4042408155502915","13790,513925380528","0,7979181069826938","1602,15692"
247,"76,66700261827283","250,1825816111122","6519,386854337149","0,2566911646497294","16024,87912679698","0,7085406569251895","1192,17202"
248,"77,08025251742916","272,3510903204947","3600,417349809345","1,1006367999597355","12719,727001468143","0,7710039756950492","1524,55484"
249,"112,58495652316816","260,1159987099793","6800,219988450086","4,025363282520774","72204,40704999547","0,1893151817628179","224,247263"
250,"108,32588201251866","296,04350971054674","2798,069053847642","4,0266502901667245","45918,42694552712","0,2891263112635989","721,579521"
251,"75,09109741061005","293,64287773071453","7709,910225034445","2,5929918568022967","70372,57002150458","0,9482950960343558","491,390286"
252,"72,78582120233385","295,3021292636014","5946,483553701987","2,822316276484367","21518,216609626703","0,5995804884366632","1426,01733"
253,"59,54968511613375","222,31365940925195","7093,897220775398","2,2338825546883614","24697,227801588317","0,4827296945335642","88,4632128"
254,"46,1229847356983","277,1473884819093","2507,7839659702445","3,270335218283486","33814,80505588268","0,5857286918994816","178,45785"
255,"71,74224086613573","201,0041516087675","4900,735139686538","2,8748806233839503","12638,349487796591","0,1891104568915883","92,6872952"
256,"67,29017801986974","272,9615180354557","2884,885976541618","3,363026476925353","19886,593427437296","0,2821105503076294","841,470164"
257,"95,1783874002248","218,2059674660778","9463,138452865946","1,305288253410123","21011,044801022887","0,2759477716417002","478,117922"
258,"106,88759987167748","282,30868633783734","7260,200762810989","1,9684564939692304","74648,83758104038","0,4022236273646816","404,810676"
259,"77,31301656612638","261,9299790761476","2863,901263832408","2,213018973168289","49029,14268712522","0,8887307259090687","153,314624"
260,"46,87788084415646","283,61985377637234","8730,577890029565","2,6376565621234564","19712,04356495965","0,3332662366240977","1252,04127"
261,"76,86617206677708","229,51435034052375","4077,085823829072","2,092197587126101","35583,818009077244","0,2671845661956727","44,5571414"
262,"101,02026838798513","236,05728373349183","7259,201258422153","1,8505353468157013","16315,759032657465","0,7301670482133691","1243,17637"
263,"15,731576906469629","298,0159301244054","5573,972575522613","3,512990316747812","32018,48318703322","0,8194690948710095","110,854351"
264,"52,30295368783929","230,5535927626491","1455,2085986333907","0,4118018593819214","14925,85755857074","0,4971409248708485","27,3774194"
265,"43,20303266232595","224,21838809044752","9115,287401626028","0,7856144053721891","18743,31719751998","0,70531784851985","126,57003"
266,"58,66992837695623","290,1384260214553","7825,885419388001","2,766107654727049","54433,20955219404","0,4464908776513564","502,18299"
267,"52,79004581875447","211,66687394225983","1102,812087036332","0,1525649581903916","4522,09850458864","0,6563252360812645","96,2001212"
268,"88,33315768497464","266,80462909694984","7251,9798290646995","1,321387735228223","53841,63846867448","0,3426686134576722","416,419488"
269,"57,90356221084912","243,42346970345497","7287,934972602253","0,8873731733860823","17534,678969955392","0,6186520536955314","684,459382"
270,"97,44280675561768","240,8596277128844","2386,7526646006945","2,498244373936357","19323,53449530765","0,3237874298305173","429,138646"
271,"116,27538347960832","192,40262407988047","7170,44008994778","3,076340189161785","13488,77053404171","0,1713530359069203","295,601308"
272,"65,22058582133043","266,6636397349088","4342,242051331294","4,195820822046714","30640,07330302262","0,3824536614014929","496,279299"
273,"111,80476993754652","264,5953716293763","8916,405781030431","0,2252167791641504","37720,35099518688","0,1928939750706848","852,316082"
274,"119,75737112110689","272,22663005375955","3636,4545562989456","4,048846142639651","23803,05479728062","0,3542069283532665","1251,77193"
275,"108,10216880379456","260,3594030730273","4545,738854131815","1,388761156736022","25588,70646259748","0,7135032738301655","1145,39061"
276,"82,01967941853248","250,3833340327355","3165,749912987248","2,480760581790812","42985,6319104536","0,5249395797492753","119,17147"
277,"119,23366999442946","201,42180026164897","4739,426499013489","0,2613991998416795","21554,20233526794","0,7009184914680042","123,131788"
278,"112,75094486849584","272,6779320541592","2822,4563415883017","4,179914492794157","18427,450482898385","0,3551477042782311","1374,45609"
279,"24,694670117688425","285,5481403180546","9070,441268129369","2,496081428190972","2885,723692312215","0,1268039125253869","1754,56678"
280,"75,29820438415625","240,78592772969807","4426,779065382052","0,6950628774511223","46997,66343639517","0,4148103637346767","55,119809"
281,"64,65309999777476","281,7321557122756","5412,0288011771245","2,105985262488567","44851,19799002354","0,3635932635644932","488,963003"
282,"35,4093787781089","291,82288680122224","6027,661434245079","0,6242680830296498","38726,14386645361","0,2918084674814677","356,600573"
283,"98,60117758175711","259,88226271073285","1362,209037999979","1,3215274404622523","23548,45736630019","0,4332784667350331","434,858116"
284,"50,38126086114992","221,73723065061745","290,9190244626462","2,8002074266227943","4668,619444957056","0,1735616277775944","14,4838086"
285,"42,45785319688334","294,73682644183907","4594,678611249903","1,5283766182407978","66554,9491812223","0,556472418504165","150,252864"
286,"79,03474344729334","195,52023608434956","8545,089431338265","2,1060315569095027","8930,366487241237","0,8675943978711286","452,504607"
287,"83,95561290849245","290,27690740932144","7317,508050786014","0,9180738900374554","37698,24213646459","0,8357571926652317","1018,97062"
288,"39,431884183035805","289,1916125927328","9477,069000266269","0,3308437391580918","54520,72047467589","0,92826283102209","398,000628"
289,"77,92728356003455","262,9982910816672","6283,407428526706","3,4038596951160565","67889,0097826554","0,209453408144229","139,510301"
290,"110,7761205701903","267,3812799272945","4712,901969950525","1,4594527081153317","22153,107781412964","0,1177736349667722","1169,87273"
291,"35,03237337096806","278,2388950789971","1110,9111024091967","0,7188033996878699","32104,616444607786","0,2055809793451765","20,9099231"
292,"116,79148984620836","263,6631728260448","8487,069517357177","1,826592372365388","56533,23413257119","0,5301106004427044","570,635212"
293,"101,8844799586832","270,2264371705579","5823,1101663686695","1,9261587710507488","12006,788034731298","0,5435300013605582","1627,10534"
294,"23,026569231644707","253,8219592482185","6363,628789512382","0,2828762694439856","12841,824210232684","0,4752634456558406","204,983437"
295,"86,23567293836852","197,78551918633025","4108,785009371964","1,096166191057708","18649,25190727384","0,2946899863949378","28,1183896"
296,"89,73972931482936","297,6021258258492","1335,7490506092029","0,7942552740145608","66373,70943493082","0,5766461181435022","222,346572"
297,"38,905869059603205","216,75298691719848","2174,186542826947","2,5379616939238336","5429,896347179199","0,336109319192457","102,041068"
298,"59,55608367327521","247,08706192724307","4683,7998807741305","4,026566224822292","22926,15556187774","0,7292305051806816","353,252282"
299,"53,922676939745855","284,86694021847154","9088,846661903315","0,448799700468221","16256,299498391994","0,1645993351996288","1389,5614"
300,"112,00770559943686","255,6900731579127","4449,361890995964","3,3759703087745225","39559,40088137047","0,6494186867332309","588,403356"
301,"115,19454525444282","280,0229433002426","2374,669457540234","2,19806837316435","44478,01809347718","0,245904306378412","541,195787"
302,"49,49402268165019","281,6493156839611","8612,2802033674","1,1519876676814356","54149,57689056578","0,6441581488466307","372,064657"
303,"84,53312584646946","216,06197099639743","1427,8812764435295","1,1444389578191898","16517,60701174173","0,1161966560910558","28,3777143"
304,"38,17157523089156","222,711859392203","7690,394802690132","1,2814086545037535","22414,366857335848","0,2714883708242684","25,931956"
305,"87,89459377376734","229,39059735553505","9985,244648707992","1,983791036045875","21199,03018828105","0,5168468906655338","751,469883"
306,"68,53266482670392","279,21236171383583","820,6512926062245","3,067712744703241","34578,60063697603","0,3039586214092616","105,997248"
307,"18,202067280278463","273,52433965240755","1893,357279156486","0,107533120773668","3897,961347596709","0,605934016168758","497,647983"
308,"97,6735470302784","242,0041826478973","8135,044050200522","3,134897953971409","38191,69820475135","0,4943856984965334","460,218126"
309,"111,60098888424277","237,47224768075608","2118,3343006550413","3,4160191051789988","12703,567037501512","0,9539759670459138","944,335765"
310,"103,065029297075","256,04822105823666","2360,5413395927403","3,2427639818169154","53160,74177608504","0,7336455753003596","133,132317"
311,"104,0731371638514","253,91219254425172","5694,54291332412","3,130463411953506","62871,16029430118","0,4977968291981103","211,686059"
312,"65,33033970688291","297,5408666822054","3986,4785098899433","3,404695774830622","59376,571569472784","0,9555134668133132","481,453366"
313,"50,94131340293287","264,43085513253857","6747,381092033714","0,3547076742379976","5610,922299151236","0,5121182086472096","1605,56257"
314,"19,216559559092744","268,52789971261655","7899,03460578585","1,7167305620867568","10236,245315533448","0,9263603959878292","600,091133"
315,"34,7668425484747","261,2356562469541","7329,150716366925","4,443506726183461","37918,11392353434","0,9500033643669508","113,589644"
316,"48,846853247029145","280,29141006416404","1035,642221118367","1,2349118291962589","46312,539672411214","0,6741952891249958","26,1894081"
317,"60,64458512488809","241,3064235893924","1726,380065263158","4,119340677396363","10524,170210971082","0,339894928492465","316,823221"
318,"90,22465564553012","271,97968824221755","7041,818223430554","3,75548355610262","25282,0145293386","0,7041156302756402","1292,76624"
319,"85,32994774989794","220,10656165607915","865,7543427181795","0,7187841093697873","10133,483622860713","0,421961809772904","78,5612211"
320,"74,29464663899907","263,7314096874497","5566,6213489504735","3,704587751865712","37813,13351487892","0,8515994862260137","582,366906"
321,"102,39285626638085","217,41083797934192","9654,244671759225","2,289512970268098","41823,88262505737","0,2592600873842907","109,299587"
322,"13,60397654698745","271,7093854887934","9377,573771564672","1,1609538934408623","8651,916874702389","0,2074745831691875","438,439966"
323,"80,06631054840715","265,72329346425687","275,24330285664075","0,4881873359095123","3878,059626751447","0,8800100677826703","955,325048"
324,"76,2374539987667","280,20428303785815","3666,0859665487847","3,737194712553276","31912,94684062152","0,9041353131167909","942,309816"
325,"110,30436225017507","265,78336567704594","8838,137346152425","4,317452100603274","47117,44114426176","0,1877730198273324","640,872312"
326,"25,68712613606199","279,0248040790515","7223,214610077801","3,4221763554130478","39709,33223814566","0,7954898879100412","123,428363"
327,"91,70587398617369","252,79703188014048","3700,089008167927","2,843203282660501","63795,56360123394","0,870334468305175","94,204715"
328,"57,89821887147787","269,87683439726874","3272,8754811753984","1,408461419884249","43093,687277613","0,5583822888686655","166,963827"
329,"36,57414763888494","236,06964914928017","3920,186636513265","1,6184986550734062","6864,336579402495","0,5351520724417146","407,04005"
330,"40,796320481515096","275,94517950233256","1230,5305076906852","3,5941761520815407","8897,928144000329","0,4532673413960415","619,827048"
331,"58,7308078398545","264,39845807098993","8360,715564732598","0,1449186463528368","63196,13723680504","0,76176672652045","176,927904"
332,"84,11799030736185","231,0601070371167","7985,94932953472","4,066404903691648","23959,86755896387","0,8961367355779039","586,044843"
333,"92,9367110499676","298,3721555103012","6339,093070308706","3,89327781022934","43563,67727924041","0,6392915834683113","905,108048"
334,"88,6870953974052","253,84617832436524","6101,265252831071","0,6984626350838967","57133,83366214978","0,548842283833927","209,025743"
335,"76,73134255396542","214,62156595283747","7470,563702332426","0,6650234967895042","12125,490192709518","0,4105000188570571","542,937855"
336,"77,1086316861867","278,75610126395816","2562,7526755955955","3,356299593647272","74699,14716505296","0,421010644153852","94,3240269"
337,"109,09209669101143","210,29612412881235","4502,104829243185","3,201695476299064","27647,755286883606","0,5153643138509254","80,4052798"
338,"114,92877863694056","244,9023421357176","3529,837667130449","0,9488455047924056","66705,05002532061","0,6481850001001609","76,7505692"
339,"40,653670440316986","286,0151334186117","2565,189348766194","4,074826004941565","49488,59961772261","0,3918916723011283","76,1788015"
340,"78,4840605713297","242,42502906909567","3559,4789477669547","3,169605580599086","4804,580153921479","0,5971166118061623","1633,73524"
341,"70,00506432905838","294,15143654242974","2939,241674451557","3,7869413362958335","60689,86518971543","0,3540236923191203","280,416279"
342,"91,42792516913336","259,8072297438489","8195,917266955577","4,194888958957537","46422,87960644664","0,9533339270974056","657,037479"
343,"41,11070784476302","295,80802306326655","8124,164369841754","1,8041369032354164","25933,59395994919","0,7450729559042046","1180,19"
344,"66,46459587183149","218,4169813941828","3130,3212096730344","4,185216102043638","3884,9348866727446","0,4895579680412187","855,916304"
345,"76,92692938856354","275,58225286682523","4690,59568355651","4,466146957705294","25686,7455817767","0,5991672189753319","1113,47703"
346,"114,2517343558286","206,55588616050255","9695,467455975984","1,862534968221949","29719,232681764257","0,8355376589320294","223,409119"
347,"82,37810532483788","256,474474157842","5694,994487980021","0,8966645097909296","61964,83475507582","0,3914435690083895","140,218476"
348,"113,07788490075524","238,6206676220237","2146,3421682947123","2,876086857278143","23063,175199492634","0,5722267900288202","364,927576"
349,"55,335705018286745","251,9820794956701","8755,113496465368","3,622848117956782","25701,55691903365","0,2189230168644385","489,576745"
350,"102,44676210440704","241,67158186397907","7067,290330423022","3,1692963202821725","15716,54927908106","0,4113162883714706","1289,81672"
351,"79,9362108527663","253,23696929568044","7007,432014022186","1,1533033903756085","40279,73974247912","0,1787558252645757","340,525286"
352,"52,62605071685789","267,4888674622857","3257,847993897626","2,0100470710148","9059,76649949693","0,7905110112166588","1425,61494"
353,"35,75896450111133","289,0334980970479","1148,890971570209","1,2778106694776066","33822,551921259015","0,7486751518110153","55,4569787"
354,"24,20700656816871","256,2053480994051","9485,707576919103","4,451777806049328","25595,53178549381","0,1124277679832369","84,1990221"
355,"47,48778080410359","290,27266634361945","3842,133078669825","2,7774579036333336","19464,66184826586","0,8057819994823762","1216,31425"
356,"27,19909675818591","278,62902421834724","8440,677350956554","3,1768741067230906","22767,87770359554","0,498313118127394","515,188326"
357,"67,47299698522752","258,1111072446944","3022,905781183199","1,0135415838118136","24793,2898460005","0,5820940662055147","408,17502"
358,"32,664329790947214","245,9296018592572","4312,880895411627","3,8226079948310248","12859,065772990783","0,6904896901706981","200,936006"
359,"61,95878376582254","298,2493311616907","78,76502401575443","1,635465917990011","9807,136091809403","0,7386499873184647","165,983652"
360,"70,88208868193057","227,9955285571312","4509,603287999375","1,9441223731605293","12388,531543820043","0,8773444393061279","578,534356"
361,"106,5485508674056","250,77911880161955","4522,934591164547","3,7270237421709065","50995,893016037015","0,8021514078743929","282,717944"
362,"41,69149817940799","258,72301355964964","4337,650922867223","2,9876469250628546","15958,842057068176","0,6719519250513681","501,278803"
363,"56,2352776716234","291,27614521842366","3577,687837369452","0,3857880703496128","26988,83353045965","0,7979488019331803","1007,814"
364,"66,67424779342986","286,64193822992473","6399,160088894146","1,86518611596861","47235,94358617607","0,4394811355468041","604,526404"
365,"28,36102327571235","237,27144872088044","5437,577096423526","3,109566796261213","13275,60550293535","0,5626180896604754","89,0031428"
366,"60,26954733504641","257,7966316205882","9895,564475215511","3,259116867617894","20943,37810492481","0,4190671452942198","1024,85755"
367,"90,71042118873696","283,1404592411444","2905,6927480916847","2,8587226445383123","3304,182998771106","0,8636786583353192","1803,9792"
368,"63,34561546948639","296,3661284705736","5016,978917703587","1,0518694025046889","25073,729017491856","0,8415920107392868","1305,36185"
369,"95,6202234712439","201,3301005604717","2316,1639544125283","4,30557632072941","14623,983644945143","0,4182412569403361","44,2729109"
370,"74,63605139252998","219,45959840551143","1498,4829482521216","1,4093794557568904","17382,769300210064","0,8840709106352634","25,6028954"
371,"44,549294605084576","279,28201713780163","4980,647351637199","3,934645554895036","67761,71883057369","0,4552946553804744","73,4945196"
372,"47,72959543362693","285,9902494808873","2807,5372994474","2,12575839912446","59704,18377509172","0,1135132942758688","71,6952582"
373,"49,02492406953256","256,925020604127","8643,757595681222","2,9128193957192985","43352,95381698845","0,6287413779800769","185,325728"
374,"23,92164951561988","284,0105111874404","7006,571027005957","1,6413341952091831","3128,3809361250087","0,8976026925074904","1733,24286"
375,"83,01659525189362","298,7816443473445","2371,2435880255","1,048403237641251","23434,048435137054","0,1407281058548102","1145,11896"
376,"61,641838232988","274,19250406463976","7364,402337771052","2,777327600271521","74231,79120751687","0,7526754584080434","186,121618"
377,"63,32482916427728","251,1548286319696","6572,776638033951","2,8081451701608544","14691,0809622375","0,2469422595731366","986,280285"
378,"92,15580509659038","299,83252765303894","2499,877741518493","1,4533935483255842","42282,17357941781","0,7307208855787912","853,92361"
379,"26,83559090767813","268,26874586916506","6193,971762041339","2,451723990580197","39913,746005894216","0,452190137618502","44,494564"
380,"34,274621181431925","221,36239728653305","7067,700928108281","1,0104490065367235","12487,27624111876","0,8040827474935126","91,1952257"
381,"84,5339530121992","284,19241666713526","7492,989314298916","0,319049696817473","7089,087997664036","0,2889714610968094","1511,59635"
382,"82,63523637448309","190,2346352847105","9375,976851285935","1,0318969305347092","8334,468318858613","0,1705098098078097","390,647369"
383,"110,7989755640157","206,96231603771432","3234,2578919936","3,152958649085316","27235,536401152374","0,7997575285373384","36,4952575"
384,"82,36060760880093","295,78321012779503","9839,307052939905","2,0334844259814524","65172,11344017877","0,8612924282481902","576,110655"
385,"99,27302759227187","229,25280030533824","8102,61800144788","2,281049194655099","17804,01753809014","0,3207867100474728","876,214"
386,"76,92404124457218","258,02915227569","9390,420897151072","4,32069212270723","4902,798547014547","0,1818292473931899","1771,51953"
387,"22,14786397270997","273,7824115332484","8785,872966043999","2,81236563064246","7416,082752082116","0,9114620701250992","1313,18577"
388,"26,58224680077405","279,7265908110696","1677,658845744184","1,561870698970346","28117,834352960544","0,3663896904764845","29,0945935"
389,"66,85510329137608","204,73901768121303","7985,651683718363","0,2730124543523329","11632,556112271312","0,8809413348652271","304,788039"
390,"87,81175629143462","276,94121060976187","1425,092051274402","4,051611465830316","57785,12960184763","0,2032476792343188","97,4999092"
391,"67,56017957533481","288,579622817635","3226,812145022838","3,504696566362211","8067,37030068116","0,413624871595425","1706,90275"
392,"41,2161688033834","280,73658527450846","5126,958932989739","0,8578190459833124","61698,864122497325","0,1723170766506965","75,9584528"
393,"77,42815635005897","277,93386422490084","3319,9626429422137","1,900576213898741","8236,240445587955","0,3219461338092511","1681,06776"
394,"84,37789467991308","233,79124481383872","8682,025977671163","2,578298445456225","58769,76662176719","0,8712586761846762","86,5296254"
395,"31,068578826505952","245,20077934668652","7248,964084714711","3,6444589399489584","22830,702476660623","0,3412922216454098","78,3526309"
396,"112,43080682319405","298,66439658193895","4224,452604266952","2,933622131019882","72395,65057458496","0,4024647355603095","455,796404"
397,"87,27303512145713","229,5928478842469","9940,608992320482","2,796632281174462","56217,96888278382","0,2808651948665071","74,6451654"
398,"96,50668949714112","273,81515867249254","3659,467403044058","3,106516451953069","46611,7727206986","0,9175244222278108","612,111301"
399,"31,156921245036663","288,283485258702","5334,507148751164","4,177919011807182","38297,91951389575","0,325409997793798","212,623704"
400,"68,62057442143958","296,5838183544984","5873,812113726983","3,9427553857691815","25500,826635543053","0,9341260431300792","1312,23155"
401,"19,925268290218696","223,68486248393856","9859,399159727904","0,6080248300275607","9528,830794149952","0,8787662311585757","61,9439036"
402,"88,99312202919798","219,1360584366488","5242,234369866237","2,170638152617784","36570,55592272934","0,8274916054915562","51,6578658"
403,"49,20404282739449","267,82934924730046","5164,668267644379","1,048393656498517","43149,23085689109","0,242299368260012","153,038473"
404,"91,44287011137196","284,5785359376467","2722,909968720983","0,3044646885128728","29545,15760590493","0,1856400435188129","868,647303"
405,"101,67779969142288","299,40160113637023","2717,7293763773905","0,6479859538972497","4661,416846473308","0,4708167820791812","1762,27464"
406,"67,96044857531581","237,5260360844629","8764,049987588467","0,7100253007436415","41586,58122705861","0,9469123754969716","167,827112"
407,"45,496563789350624","289,75547247914096","396,1531411923448","3,806394888177027","19640,322030857365","0,461631864451999","89,1045378"
408,"107,6565969696586","216,00959263929573","1902,60093999539","3,500728113970207","2552,7923627922723","0,8551341586575949","1467,37536"
409,"74,59969465312929","267,873287794162","9972,76888148889","2,53252249127853","38169,65604780922","0,1148008170175956","651,956464"
410,"46,058584268808346","242,08765330731765","9765,342608383164","1,6705729525586064","4514,486052974842","0,7965588985907456","1640,69055"
411,"53,349398750678176","254,3683150918597","5136,799079321742","2,852579993231526","38862,30273328364","0,8387035238792578","135,906355"
412,"62,82523832538861","229,5219082524063","9749,025459596864","2,913950434753632","27253,928460375053","0,5146806215113855","228,493279"
413,"86,74043264951922","216,96053581312404","5684,975510912445","2,114981823808243","19094,70257489495","0,6431870720750371","275,998454"
414,"97,318811516239","247,3067103052321","9927,66332546737","3,931611293750237","67151,90165804801","0,6695979065005517","225,10938"
415,"40,27735438739232","286,81347900253206","3460,169136385501","4,410727395286713","63107,39618049528","0,635503115038577","68,451695"
416,"68,09008174593211","246,2200480542853","4984,260314462654","1,2860228815685648","37068,522992208615","0,1032178679923288","127,298697"
417,"46,69122209487048","282,73369250745446","8668,439444253767","1,3258773856802062","63505,26057336263","0,5454879479478101","236,763669"
418,"45,90578376620305","250,6252951697549","3896,052631018911","4,312261315277269","37670,512347683696","0,9543822685174636","41,7640919"
419,"56,97855431922343","292,93997314479634","8020,154630638074","2,7884354796055564","54124,10706461631","0,6810604209720015","581,878756"
420,"105,9134048546688","256,0106448851656","5838,645176736875","3,863017558472613","63637,44514019604","0,8329526890387171","285,684368"
421,"74,35321842749259","244,74406901282177","8337,049012629706","2,479299165419362","7325,842386615606","0,5412819551501536","1658,99835"
422,"72,22780740095544","267,475094113029","9513,538611940265","0,5340923900291193","57569,50317863152","0,4714036994169031","366,508482"
423,"58,63839065971887","266,55579682048864","2667,993883178593","0,7174325094899335","9519,523716110349","0,4237318490350795","1234,22725"
424,"28,905840697884017","267,78463735059165","9253,852639455834","1,2648678710353505","2791,0294535093285","0,7907667526580942","1759,31151"
425,"49,28081084900713","262,24511921313683","4277,228959303077","3,2854399150019105","51567,56331653143","0,6941867851376953","58,5880992"
426,"40,88504306454198","293,02073085518555","1832,049758658883","2,823709902538729","33091,43675729678","0,1125512678581408","180,282689"
427,"42,7433414912423","253,52123460511865","4077,550750292885","3,1439711022256724","23354,335672643883","0,3726214933237112","150,429317"
428,"34,100130372832126","286,7176507420178","7131,13394935176","1,222652336857688","66045,96993201936","0,8312640954819087","114,785367"
429,"34,81091431716097","260,5837140105693","3894,4419369753055","3,835922899012892","36714,523300633664","0,3395611934041648","32,3793719"
430,"48,86199089190968","258,7819186436851","9204,168072770515","4,2187346668070544","42444,57586959667","0,4815920023831356","218,894259"
431,"16,287232877380287","214,1463725291272","6693,812416125403","1,3940927206561262","3770,06503490994","0,7316979889601252","74,9502024"
432,"11,70856554870558","241,07238876086012","4553,228391041883","3,4720507892167354","6191,419434416095","0,4930942475933643","29,4984844"
433,"118,71618349013563","278,8437566720132","3898,672677469394","2,963849319296519","21038,776247215803","0,2003386276184455","1363,78475"
434,"105,4894341679944","274,07198496100807","7224,0575229565","0,3421010834055599","67117,28900585801","0,4225679372016309","423,238778"
435,"51,75155565032762","236,5231165915241","3811,44838764099","1,1027064681491583","6995,905053071998","0,3417960800842254","720,973837"
436,"63,27116991200061","262,4074628652989","3003,381139283209","0,2037633304104451","8208,931107609176","0,1345315819745941","1100,15892"
437,"71,76767745367508","284,7536762013581","1911,3347341730368","4,244313295224287","53576,923675613","0,8261303651821527","213,173435"
438,"34,134676122989326","280,6778274205954","1899,3957960069497","2,839623235079163","25913,26982993277","0,8757113237160019","129,949595"
439,"63,16122349845031","295,71031946004206","1200,2422550974536","1,5578295022584607","21269,32071504121","0,5437740656268287","822,441445"
440,"15,83018788395248","266,6540520600905","5717,536074932445","3,972041112274055","10509,523734908516","0,1500419449109812","193,456171"
441,"16,17270940350956","299,07720683985616","7207,116772304501","1,403848973189596","53080,71225509325","0,5888873295413625","45,2549434"
442,"35,439649437203855","299,85889912245113","8234,206433983685","1,995896790962785","11521,800079973596","0,2986556923151839","1586,40518"
443,"99,3052228989478","246,47722824672343","2103,3146132700435","4,359115110751138","12328,257883742606","0,7998143162157741","1058,45346"
444,"33,27778556898933","288,59474737833466","7377,373915708554","2,332175660767907","10505,6689947347","0,277612155594081","1487,83077"
445,"92,22838260044053","261,134149088359","1370,7558142664589","4,020211976234632","55845,04424271439","0,5387906662492113","45,6404474"
446,"49,84471710930399","284,51629018570486","6173,984580508418","2,335695165795956","64722,3216491905","0,7187864273401786","214,782826"
447,"89,58360676035737","236,78185839621216","9737,608718760011","0,1019070387142749","50199,42306974356","0,4923778807886999","193,801106"
448,"99,99101730498673","295,002819115781","5394,538959010313","4,104758317072877","49198,76175846399","0,1179167409574808","680,366021"
449,"117,72451821583172","274,1007021271147","7103,544431289076","4,065040645711753","42272,574257878485","0,3601287970239696","862,503297"
450,"110,86820564285355","277,56105781084216","289,47812214568705","0,6209129203383731","39565,087438120274","0,439963269364648","57,2888885"
451,"63,67601852571911","268,4562409128173","1683,8217579859595","3,778367006887161","45493,7634884708","0,934776426574768","72,1167158"
452,"107,0289962100328","254,33612530506696","7556,124253006201","0,9434646491696764","47694,44423457223","0,1462163045697851","419,187501"
453,"31,092598797384856","252,67112298769237","3712,8044793819695","2,7138483250942267","20673,0550412167","0,745967827881885","65,3119221"
454,"69,8745748195258","246,41890283914017","3837,0240579545466","1,9734421553467487","10401,24687319361","0,2138485037054226","974,551397"
455,"75,24957839920881","287,60265413491624","2478,5970681555887","4,090768501111215","69799,4972579175","0,3902649274635921","156,869459"
456,"117,30097651928814","269,7928724489607","7736,089307544866","2,8339259005632145","25059,04620012209","0,5457042790429335","1328,61935"
457,"73,21583447254883","236,3007879657136","2827,409202771265","4,256512701732508","24754,21979963198","0,2176051636169056","104,293831"
458,"109,08186741481894","291,9193571334331","9083,529296228093","3,885615096293158","38550,06405940177","0,5046619326740596","1012,98695"
459,"32,03873017386502","293,92964500327673","6737,765964926698","0,5101873632610509","3862,5505968031857","0,3491049383924902","1728,9582"
460,"25,22770417232509","220,13134235919097","6180,591657707244","2,63653290750682","9893,37511156935","0,892558896726511","39,970203"
461,"73,54467140851334","267,30341701283567","7990,571324076291","2,1364375365106296","35538,76327734781","0,4827619753127384","765,013952"
462,"110,53494739772812","281,6648582352574","6064,142299711594","1,2802190519242995","2850,3587118022024","0,1998038047171135","1829,04433"
463,"80,20669413758762","290,30013085682293","6255,326859206614","3,5982519267137403","54432,94804880402","0,2635095564005836","551,610664"
464,"100,57157651429542","264,20579291231945","2092,8265667142227","1,4304630162453154","41662,43877316272","0,7041926074763917","312,116532"
465,"41,07506000905681","254,1298221522471","7146,746967983314","0,6814037967385744","30996,06345629558","0,848856636304674","183,882701"
466,"34,114751014200486","298,082199604035","5545,490746829092","4,127591269632579","31815,52088365673","0,643752178371445","645,67843"
467,"76,39299260416097","275,4465898358179","7484,248878776528","1,271454934718744","50284,34618300405","0,5316691862862597","558,699194"
468,"76,75529665155702","299,52247238154183","4272,311028777273","0,7828136380961921","46505,12750263822","0,2296792565475731","659,353108"
469,"29,135063882455704","255,98210171207856","5781,708481710803","3,5755357350833044","27308,916739132183","0,5509610994951565","63,245725"
470,"44,30355330620252","298,824798690098","6569,497339971356","0,3603733770135142","25100,11684853313","0,8960286020587841","1245,22293"
471,"43,73654002127128","228,44572471729649","2090,9130934908453","2,2579585645044653","6987,482663827265","0,8705642993498873","193,090136"
472,"65,68951589123805","257,26106292552106","9611,388497492948","4,119540211320786","71269,01821927883","0,2678393295208409","104,020286"
473,"106,48675476067268","295,72167436853107","3717,8951168947606","3,762482357002641","67616,41144702041","0,1217112278088124","389,773877"
474,"44,20218330678917","249,9299233489953","4726,827209648381","3,4105851560325298","4431,165709501811","0,1613781280780785","1311,88378"
475,"83,4725299886143","243,3657064023773","5261,312697115664","3,4609791322331405","37443,86859480182","0,1569251705040155","194,294797"
476,"21,39392815317952","290,9300989597488","4003,059297321049","3,933020463241441","20147,53611781454","0,7136279304507116","310,803436"
477,"37,25211161089047","234,5528853623466","9303,675815402938","4,115792139851225","11287,23729107967","0,3953693375640376","455,683034"
478,"63,87087515119553","253,31274766373","4153,458480594035","3,813710080947812","30153,194228750555","0,6548159615842438","275,269281"
479,"119,64973932776186","280,23496183115213","8992,81331977919","1,1467689673595518","26884,96094350505","0,3167776192170216","1289,42155"
480,"58,80157899802742","231,6900439483921","9803,519192009624","0,8819371875686","44957,122412523466","0,400656838846955","50,4545819"
481,"30,0997272203952","241,064009300006","5335,304435753736","1,6135174603106903","12779,381024968152","0,7750250251100174","160,692466"
482,"37,25278224358392","253,19094137826443","5597,426666670469","2,323818062624528","38927,11589427509","0,1882344342532124","33,9297237"
483,"39,88607670906906","250,5062898928152","9070,45205769546","3,3342911361559087","12735,722468571445","0,46276280808063","827,269365"
484,"74,10714400487463","270,0569593337927","1295,8996084538155","2,9798172171191086","23358,32474471917","0,871613078251199","430,270725"
485,"37,782899842290895","277,8160329616938","8419,780502220954","3,6227739930629146","59486,42812462175","0,3720326190905583","120,73588"
486,"85,4016877659942","291,17722831230964","4205,367843074784","3,5872707958705643","74735,38398189392","0,1869716367304462","261,386024"
487,"35,54856703343029","254,6481452791405","8073,943985689493","3,4005709449089605","17284,289799656697","0,16177077729769","422,907611"
488,"53,77266649770977","251,89765904739104","5743,5611015892855","0,9128385502503572","12744,601990838197","0,3982514130894947","929,626514"
489,"32,119571541922724","255,88144156389868","7893,740402256723","3,024586877930858","4939,305389234702","0,8958634514453989","1548,61877"
490,"59,16052283620395","271,0783523434104","4007,075825049943","2,6455022876693945","13393,687736972784","0,3548440168073132","1245,14876"
491,"96,20171679706634","286,6892973135149","1167,58349197672","1,128312250975029","20783,795185396288","0,5253873630869946","1083,79016"
492,"87,7275955495143","218,61745706843368","4120,495133624555","2,0130124150977857","17577,032298466496","0,542814499156115","237,640223"
493,"94,30809428598538","297,60107400805725","6310,448327589389","0,5155278652549538","38115,93097393653","0,9392548274840652","1017,81468"
494,"46,33402116242088","267,3455558954703","233,7468276098945","3,7272532720282254","13188,98727700922","0,519451901796121","19,9878818"
495,"38,902087273954606","249,80995031244973","4004,7343160913633","4,405492930719655","16316,885918952165","0,6784255637831014","224,634775"
496,"93,11728348151009","220,36597303870587","1891,3196140282791","1,077189199029925","25026,890186059853","0,3906629378784487","28,9010435"
497,"22,47309752991177","257,69993173541405","2494,179136975784","1,6054296494760136","19111,440670733235","0,8060418836730379","17,1721105"
498,"13,26089602738269","272,7702633277223","7979,308746408175","1,6890105367885009","26506,2405991931","0,6988693306362466","29,1503933"
499,"37,169583367925256","269,79770100527554","4786,450410361178","0,9642079377878228","19449,42735790612","0,6625162543508464","519,052967"
500,"23,21567752840844","287,5532622844611","9406,130420974509","2,061486538939046","56473,25379536757","0,6605793879462741","85,8933305"
501,"89,53697920490866","272,2672477021401","3617,712812276157","3,31007924542926","11979,972380571791","0,4830693221765624","1607,38187"
502,"105,05415226392154","240,54038520511588","4718,537098319788","3,533178132287476","38284,608365054926","0,7009085712482437","308,092875"
503,"67,8523347383647","236,5930994370833","6738,031927039063","0,8702714430644477","21798,35985383316","0,5369090042290452","430,14743"
504,"74,75529253245668","243,29232618144383","8381,936165925086","4,002616726264601","53654,82362914578","0,4672730053723217","123,660266"
505,"104,16331301533188","295,284111212983","8104,001384437303","3,1311627661024617","7068,79976594128","0,8534919282196217","1738,43264"
506,"97,346768637747","277,12201145039006","1234,286970406103","0,2937597989878212","35749,398859614455","0,2664817267269195","340,264701"
507,"118,41358709365689","294,2176106204838","8245,18135113972","1,1579802765738123","54768,58483587469","0,6508423323660574","720,791557"
508,"55,94430920649676","291,4833353844084","4892,20190624","2,873135060869493","51112,02428652325","0,2309885844360688","358,227258"
509,"111,0287699734301","251,5750343866523","6660,726019197151","3,345815560185995","25140,75031069642","0,93969435029897","1224,78167"
510,"115,1030345237586","236,3174527846282","5499,913981334268","3,0332657701519903","36231,71999392616","0,7618717762909314","415,787172"
511,"92,76541019823853","293,5795678170085","3410,915576396777","1,163598228612548","51727,897740409935","0,5550330198343333","633,882626"
512,"72,2180617349442","268,3650279206447","9176,634573216235","1,412484627413697","32436,57453564816","0,4868260962385977","919,662121"
513,"116,55598155531324","248,84785815585144","3180,100085384932","4,386719193943024","67309,05360444257","0,4875701420208108","81,6272806"
514,"81,59160703764137","223,80586254922176","6058,932942326715","4,1390724205925045","24870,67850709772","0,3108776585550791","190,381719"
515,"78,47561406251806","286,7994017681133","2383,0281297685324","1,4113842458744088","19953,60957403994","0,8495335040346519","1362,87426"
516,"30,10937130505046","242,90911861656912","3709,50746923898","2,4274975161236187","4285,786651366499","0,8674205685999362","660,319834"
517,"82,34859210152264","227,73223830190904","6673,824352798779","1,0706560870129511","31113,95038558465","0,1377920382791841","152,898529"
518,"109,0025124564046","271,299815125242","4104,151394054434","1,6082873290974864","38793,96011295196","0,904067849530388","889,318804"
519,"77,22006395978752","299,0478947533177","9466,594934855417","2,633080417214031","39164,48686733319","0,7825426491661771","992,496472"
520,"101,30320015538408","228,99201505178496","5907,211175016744","2,433828705028103","44259,73049348139","0,7996187550000697","127,847131"
521,"70,37502213889624","283,3061792384247","6305,741006249544","1,4896633999242008","57776,938626025054","0,2383076720607882","369,775852"
522,"104,96021857638156","243,67875011899912","2340,145885579609","1,7340788123890818","17499,766737999835","0,3687331657001971","650,15133"
523,"118,40895727193892","200,8777173056005","2478,823621919349","3,7606791523223904","17281,752196982998","0,6745039674597609","67,1060403"
524,"13,828037338829372","290,4253191948266","6017,761446297931","0,486136573442986","32948,97929377854","0,2118479982172123","38,1576323"
525,"116,6547369549122","290,8583565833774","2646,072122458598","3,2781930486064748","35442,9608810336","0,554745460251229","1025,9433"
526,"29,34794632034198","268,48761897704287","2561,8690586386824","3,1486291013308065","13104,860038548495","0,8130755893432742","281,908113"
527,"16,396960889309522","258,7031433157986","6780,074002190136","0,8650454528330824","12615,641769483937","0,5353147022397944","118,910048"
528,"76,44687128162053","290,14460704460805","6071,6875709207525","4,093426012381608","61165,75554165861","0,4102901598441946","463,487713"
529,"36,805237689040254","290,02167075740573","5723,498280994219","1,4917927379614748","18749,86703343453","0,1917533127055818","956,001241"
530,"90,03614691176811","285,1113816094178","9106,946548020012","3,9677612697145386","52405,92318150851","0,3802849535525647","692,195886"
531,"55,41859935581908","271,9666331869189","544,3039662845173","2,921799609137017","27058,898192189776","0,2844424044609879","31,0286455"
532,"104,98606459852876","274,91004041361845","5485,789140947696","0,9735070623722976","30707,499502215556","0,4390256660681425","1106,58816"
533,"87,6506578899135","234,264229552223","3116,232872284594","3,712628234253963","40946,81887956232","0,5637573993426729","46,4814318"
534,"98,0036995338748","226,5722447216368","1315,4007245159764","3,334420084018835","19285,55920787253","0,7206566650998669","78,6698"
535,"24,956365358317537","269,2378237530006","3440,6453427843308","1,4096271341741606","3875,984318850792","0,2110818538450357","1062,85781"
536,"36,20976372607451","223,52655561242608","8735,529122874974","2,444356411897832","12453,93508314829","0,4620449363687711","172,338291"
537,"49,65269965131465","297,2154429296704","947,8395045512268","3,6075287346335343","29290,0055937059","0,8854555885149675","277,016172"
538,"102,25331565844571","240,4005918235624","642,4319504170566","1,5132513209198029","15573,856859992966","0,6521268269582006","143,175889"
539,"82,85069921126417","289,8386472352807","8680,091219400421","3,807560615532058","17095,15012165335","0,2425376518715153","1545,27399"
540,"66,56697557390713","254,3915554053481","9751,45517477434","2,1524361834613","68919,68089881814","0,6316546060692704","123,720757"
541,"89,8224401590338","269,9785835819715","8571,391129286314","3,962954783542342","61459,479276246864","0,1159457428979674","345,78332"
542,"78,68536926899927","247,0326154822376","7365,590205303708","1,8797984727717556","53817,82225255022","0,2377960076924243","132,316877"
543,"71,54350683021144","299,5404586645405","562,6629623418168","0,2795018388323784","28446,029081210865","0,2020681767790717","321,636654"
544,"16,07293067529278","247,39574594071848","3576,9173048578505","0,3602139497911989","10576,43972795995","0,1369611784073202","21,7170572"
545,"97,64168212695226","202,84595290595365","8922,291316608012","3,639765350080912","11656,113472868608","0,7869374446817966","685,668737"
546,"118,0157162198886","275,5157454717427","4413,825958220211","3,4699280879592007","21742,12847239155","0,2057872503494023","1334,91556"
547,"31,36566846725677","254,6039862434356","5224,089180330579","2,8464388799901155","10475,23645854847","0,4166836983007312","500,701951"
548,"103,59775245517056","275,4424961632444","6576,390812423594","0,5550675893198918","24195,910511039023","0,4749579529025989","1244,38448"
549,"74,76807229483695","240,81458079126529","5773,109678923661","0,5178303436621653","38069,60059705206","0,2950275677817261","144,357481"
550,"116,90651346424144","245,60782469810584","8844,336921399614","3,398818039343662","22102,914400556016","0,6943751110511054","1318,8905"
551,"83,48898804140917","257,1735255145571","7813,390550217099","1,295594776308245","4921,15535051716","0,1093409414626568","1717,12473"
552,"56,14110397859964","246,5724051672143","5501,283710982619","1,0143418688088044","7566,121936678798","0,7716109087164771","1389,76263"
553,"89,78588994217316","220,17632605130564","2773,380135710514","1,815196773239914","5066,578840249362","0,1208897337638604","914,889926"
554,"105,7263670874395","278,2971622158712","4022,668705613224","0,9113678999343208","33669,681825764506","0,1343484449687517","850,764117"
555,"23,56698612950189","291,11051833042256","5820,15839532948","3,241834766625867","8175,3597370729885","0,9232054382642458","1505,67736"
556,"30,93007245137081","275,3082711090631","2702,272475217205","2,960956123188773","21722,786679410503","0,1357183447952297","146,07428"
557,"92,9061466777978","279,1896963220853","2033,0990346706071","3,134655753037903","43911,61795429442","0,2545134918399077","356,527935"
558,"105,09369776005076","213,2348453717739","8632,497097255537","2,6397185731625057","4249,570101964808","0,8001458024808351","1696,63189"
559,"19,3844032627192","224,15681907435007","8462,787123018017","1,811242742781602","8122,542353105675","0,3179070030601","63,7026571"
560,"74,66166365829403","293,37142053240854","8708,716872012825","1,912497550105103","26213,72615306341","0,5273725396276105","1299,47827"
561,"119,75636599038266","240,20609253896453","5671,304543018197","2,197263092845552","20484,28235144176","0,3505302677818782","1017,29662"
562,"92,6454429028379","264,39784070357075","1302,721764724579","3,0232008152573835","14986,208897290053","0,9350917532050624","1019,52522"
563,"51,832424586991806","275,39551512223005","2097,410180159809","4,218086158871934","54758,6367560595","0,2906171299667349","40,2154939"
564,"41,82671805214176","288,32818122454785","2074,762555885811","3,074754291356159","26165,16368887762","0,6725270108926958","364,006621"
565,"58,03015501717205","253,1063391455125","2913,6161073419707","1,8737848922656328","9764,583426685946","0,2347690601683215","837,695615"
566,"76,11445597840643","263,06037986726545","5957,422055184339","1,649980049037753","31389,01378892152","0,6092787749146541","756,821148"
567,"28,33790762933519","286,02426198004486","2695,262457563821","3,1524574061288195","39223,73889249118","0,5572032602747997","53,7656473"
568,"78,08381030209082","250,8530942451881","2086,4278224906952","3,266067905264628","8525,628024270993","0,6919707961594123","1189,84451"
569,"97,74072123450672","246,8403690244992","6453,501752891965","0,1885613328830728","17077,857266854364","0,6648540159529457","1147,05295"
570,"64,67458115940374","226,24737232054912","4626,8664597071065","3,761595855540184","24150,29733774988","0,2297426400401241","76,6451253"
571,"56,07934504600561","230,65082649489364","2195,2101092972875","0,4014718417107044","7820,2419356161745","0,685478563977512","351,237279"
572,"116,10332982214312","206,2390550433315","1801,5758072125248","2,018635399712723","13219,172703415328","0,1128598425698686","110,729235"
573,"77,10711838217478","197,21497194086837","1848,9130590565628","3,209558218753917","10259,011456679616","0,4300979760349022","24,9501238"
574,"51,58730016992404","285,27673895120404","7007,689512263502","2,5997905576438973","33797,62715058547","0,186998656917904","677,494761"
575,"87,24089327361122","191,082129355442","3931,6190353603297","3,497922308781185","15252,685843015634","0,1321058676141145","25,7817548"
576,"31,04465382010304","266,91301982265145","7715,817117256896","2,328327337697469","50102,569943728864","0,6295800076011046","51,5559703"
577,"35,775481814747764","253,1720065363144","9356,02790645282","3,5050789903264503","16266,531789201124","0,3019001423017924","537,637222"
578,"98,98759974050412","229,88836455511347","2032,3212706112256","2,162884051633982","18984,357583182125","0,25243291204613","196,69863"
579,"61,917063321397066","274,89876102402576","9225,131504636243","1,331782839479409","7583,424951783529","0,4592702935302287","1718,92483"
580,"19,777434835704614","270,7938007669332","9339,184652149395","3,513580343693136","33581,33317220071","0,3579928918287729","62,5132944"
581,"32,052739769512115","274,1294914812838","7392,417757438236","2,727733060278356","21624,164791044772","0,6213848511579393","590,899597"
582,"74,44818106829577","246,1619067359744","5095,006494862914","0,5006207011559893","34167,52985946063","0,3354235383766972","225,935675"
583,"83,0228656110407","294,3466060069837","9295,226288441332","1,4330456777667464","61929,58766514969","0,1451484954358518","516,89818"
584,"19,761074118888857","289,7271502272806","4404,839589522304","3,7204647237704926","24719,727592475698","0,2111289782219135","146,417555"
585,"103,53194035597176","299,710050776389","1791,8376891654852","1,654952740238184","28315,450302002704","0,4146993785308335","1146,79483"
586,"81,4952539329055","291,14653992849674","9114,68390809488","3,423561965123815","10176,134529993102","0,2499593235846104","1683,03288"
587,"19,145004770885112","264,949275449113","8912,397416394366","1,425530924774013","12468,076844460313","0,4345675509478677","380,991863"
588,"82,66815179664792","235,63618148497324","3625,801303173989","0,4753743920770235","31440,930095885436","0,7499874842891784","133,532225"
589,"114,30906427370776","263,5018113927803","5557,875777279475","2,8268985344419355","27987,831758828783","0,5262289415137303","1145,17488"
590,"82,40949951806333","291,69054615077306","9093,610305595064","1,659943668095342","24681,66363362444","0,1315678478393819","1301,90675"
591,"61,20055215876501","290,81471891116803","8293,32320709232","0,9616958954289732","18329,06027727185","0,4668038848889964","1435,66833"
592,"59,57734903670745","293,0014636850651","9633,786755033812","3,2262570186821726","43454,13814334046","0,5504548360082553","828,93044"
593,"48,21427048133552","261,29831293242535","4832,396565143356","0,3318122141233458","46946,67770965437","0,4182784385565091","73,8996563"
594,"52,56934083272229","294,17368868211844","3763,371200887068","1,0204630046920102","44058,03503674256","0,4457218720983514","430,860033"
595,"24,04595277721362","271,8627357580094","5800,08023320531","1,1314404221128571","8168,413702076038","0,1602722662045334","817,536185"
596,"74,48325383043277","253,4826089792422","3923,5870117365394","4,094164657064527","11525,0493927622","0,9001520466152554","1398,04903"
597,"32,28173550506756","259,9843812737335","5176,814249152091","0,7811495996536406","29844,01183901066","0,5029985921534559","77,5646946"
598,"117,03922344578302","234,91923654431807","8323,37402183365","1,7079094663270769","2652,779168432537","0,5875825644778332","1816,01869"
599,"57,244161323194966","231,26100506196715","5765,5223464667415","0,6615625392607347","23241,14306323008","0,2060447977342513","122,122828"
600,"113,04174337374737","210,83249288691508","7341,514304564645","4,183703803298769","17618,2806854972","0,3106080940661991","500,59928"
601,"21,07888644150717","292,2034588579151","4631,926168268514","3,486219468286369","42309,43223138252","0,8408291673591235","67,7586912"
